userId,workspaceId,accessRight
user036@contoso.example,ws-001,Admin
user140@contoso.example,ws-001,Admin
user109@contoso.example,ws-001,Admin
user008@contoso.example,ws-001,Admin
user007@contoso.example,ws-002,Member
user140@contoso.example,ws-002,Viewer
user057@contoso.example,ws-002,Viewer
user072@contoso.example,ws-002,Admin
user041@contoso.example,ws-002,Viewer
user088@contoso.example,ws-002,Contributor
user040@contoso.example,ws-002,Member
user092@contoso.example,ws-003,Contributor
user068@contoso.example,ws-003,Admin
user118@contoso.example,ws-003,Admin
user093@contoso.example,ws-004,Member
user018@contoso.example,ws-004,Admin
user059@contoso.example,ws-004,Contributor
user021@contoso.example,ws-004,Member
user026@contoso.example,ws-004,Viewer
user072@contoso.example,ws-004,Viewer
user094@contoso.example,ws-004,Member
user095@contoso.example,ws-004,Contributor
user044@contoso.example,ws-005,Member
user042@contoso.example,ws-005,Viewer
user098@contoso.example,ws-005,Contributor
user143@contoso.example,ws-005,Member
user084@contoso.example,ws-005,Admin
user059@contoso.example,ws-005,Admin
user081@contoso.example,ws-005,Viewer
user081@contoso.example,ws-006,Member
user128@contoso.example,ws-006,Viewer
user118@contoso.example,ws-006,Member
user068@contoso.example,ws-006,Member
user064@contoso.example,ws-006,Contributor
user150@contoso.example,ws-006,Viewer
user150@contoso.example,ws-006,Viewer
user093@contoso.example,ws-006,Member
user013@contoso.example,ws-007,Admin
user040@contoso.example,ws-007,Member
user109@contoso.example,ws-007,Admin
user065@contoso.example,ws-008,Admin
user030@contoso.example,ws-008,Contributor
user088@contoso.example,ws-008,Admin
user076@contoso.example,ws-008,Viewer
user041@contoso.example,ws-008,Viewer
user001@contoso.example,ws-008,Contributor
user129@contoso.example,ws-008,Member
user040@contoso.example,ws-009,Contributor
user042@contoso.example,ws-009,Admin
user083@contoso.example,ws-009,Viewer
user005@contoso.example,ws-009,Admin
user146@contoso.example,ws-010,Admin
user022@contoso.example,ws-010,Viewer
user018@contoso.example,ws-010,Member
user033@contoso.example,ws-010,Viewer
user055@contoso.example,ws-011,Member
user080@contoso.example,ws-011,Viewer
user096@contoso.example,ws-011,Viewer
user133@contoso.example,ws-011,Viewer
user031@contoso.example,ws-011,Member
user058@contoso.example,ws-011,Admin
user057@contoso.example,ws-012,Admin
user019@contoso.example,ws-012,Admin
user059@contoso.example,ws-012,Admin
user009@contoso.example,ws-012,Contributor
user125@contoso.example,ws-013,Member
user139@contoso.example,ws-013,Member
user147@contoso.example,ws-013,Viewer
user063@contoso.example,ws-013,Viewer
user105@contoso.example,ws-013,Member
user109@contoso.example,ws-014,Viewer
user120@contoso.example,ws-014,Admin
user026@contoso.example,ws-014,Admin
user104@contoso.example,ws-014,Contributor
user028@contoso.example,ws-014,Member
user036@contoso.example,ws-015,Viewer
user047@contoso.example,ws-015,Contributor
user119@contoso.example,ws-015,Member
user020@contoso.example,ws-015,Viewer
user141@contoso.example,ws-015,Admin
user013@contoso.example,ws-015,Admin
user125@contoso.example,ws-016,Viewer
user055@contoso.example,ws-016,Viewer
user016@contoso.example,ws-016,Member
user098@contoso.example,ws-016,Admin
user100@contoso.example,ws-016,Contributor
user117@contoso.example,ws-016,Contributor
user076@contoso.example,ws-017,Member
user015@contoso.example,ws-017,Admin
user081@contoso.example,ws-017,Admin
user013@contoso.example,ws-017,Viewer
user048@contoso.example,ws-018,Admin
user018@contoso.example,ws-018,Member
user104@contoso.example,ws-018,Admin
user021@contoso.example,ws-019,Viewer
user150@contoso.example,ws-019,Contributor
user067@contoso.example,ws-019,Member
user081@contoso.example,ws-019,Member
user068@contoso.example,ws-019,Viewer
user034@contoso.example,ws-019,Contributor
user118@contoso.example,ws-019,Contributor
user145@contoso.example,ws-020,Admin
user019@contoso.example,ws-020,Member
user130@contoso.example,ws-020,Contributor
user034@contoso.example,ws-020,Contributor
user018@contoso.example,ws-020,Member
user095@contoso.example,ws-020,Contributor
user041@contoso.example,ws-020,Viewer
user142@contoso.example,ws-021,Contributor
user027@contoso.example,ws-021,Member
user068@contoso.example,ws-021,Admin
user028@contoso.example,ws-021,Member
user070@contoso.example,ws-021,Contributor
user054@contoso.example,ws-021,Contributor
user053@contoso.example,ws-021,Contributor
user130@contoso.example,ws-021,Viewer
user012@contoso.example,ws-022,Admin
user086@contoso.example,ws-022,Member
user068@contoso.example,ws-022,Member
user114@contoso.example,ws-022,Viewer
user144@contoso.example,ws-022,Admin
user010@contoso.example,ws-023,Contributor
user150@contoso.example,ws-023,Member
user111@contoso.example,ws-023,Member
user011@contoso.example,ws-023,Contributor
user094@contoso.example,ws-023,Admin
user092@contoso.example,ws-023,Member
user064@contoso.example,ws-023,Admin
user040@contoso.example,ws-024,Member
user042@contoso.example,ws-024,Member
user106@contoso.example,ws-024,Admin
user046@contoso.example,ws-024,Contributor
user106@contoso.example,ws-024,Member
user069@contoso.example,ws-024,Member
user028@contoso.example,ws-024,Viewer
user010@contoso.example,ws-024,Viewer
user079@contoso.example,ws-025,Member
user058@contoso.example,ws-025,Admin
user050@contoso.example,ws-025,Viewer
user085@contoso.example,ws-025,Contributor
user018@contoso.example,ws-025,Contributor
user008@contoso.example,ws-026,Admin
user067@contoso.example,ws-026,Member
user149@contoso.example,ws-026,Contributor
user010@contoso.example,ws-026,Admin
user112@contoso.example,ws-026,Contributor
user099@contoso.example,ws-027,Member
user066@contoso.example,ws-027,Admin
user112@contoso.example,ws-027,Admin
user085@contoso.example,ws-028,Contributor
user032@contoso.example,ws-028,Contributor
user130@contoso.example,ws-028,Contributor
user033@contoso.example,ws-029,Member
user108@contoso.example,ws-029,Viewer
user045@contoso.example,ws-029,Contributor
user104@contoso.example,ws-029,Admin
user078@contoso.example,ws-029,Contributor
user054@contoso.example,ws-029,Viewer
user149@contoso.example,ws-029,Contributor
user122@contoso.example,ws-030,Member
user022@contoso.example,ws-030,Contributor
user132@contoso.example,ws-030,Contributor
user024@contoso.example,ws-030,Member
user080@contoso.example,ws-030,Member
user051@contoso.example,ws-030,Member
user007@contoso.example,ws-030,Admin
user117@contoso.example,ws-031,Viewer
user148@contoso.example,ws-031,Member
user099@contoso.example,ws-031,Viewer
user109@contoso.example,ws-032,Member
user046@contoso.example,ws-032,Viewer
user013@contoso.example,ws-032,Member
user136@contoso.example,ws-033,Contributor
user114@contoso.example,ws-033,Viewer
user141@contoso.example,ws-033,Viewer
user041@contoso.example,ws-033,Viewer
user116@contoso.example,ws-033,Contributor
user064@contoso.example,ws-033,Contributor
user074@contoso.example,ws-034,Member
user070@contoso.example,ws-034,Contributor
user082@contoso.example,ws-034,Admin
user040@contoso.example,ws-035,Member
user017@contoso.example,ws-035,Viewer
user105@contoso.example,ws-035,Contributor
user139@contoso.example,ws-035,Viewer
user107@contoso.example,ws-035,Admin
user053@contoso.example,ws-035,Viewer
user123@contoso.example,ws-036,Admin
user091@contoso.example,ws-036,Contributor
user100@contoso.example,ws-036,Viewer
user138@contoso.example,ws-036,Member
user125@contoso.example,ws-036,Member
user070@contoso.example,ws-036,Viewer
user104@contoso.example,ws-037,Member
user120@contoso.example,ws-037,Member
user137@contoso.example,ws-037,Admin
user101@contoso.example,ws-037,Admin
user022@contoso.example,ws-037,Viewer
user035@contoso.example,ws-037,Viewer
user047@contoso.example,ws-037,Admin
user067@contoso.example,ws-037,Viewer
user098@contoso.example,ws-038,Contributor
user108@contoso.example,ws-038,Contributor
user021@contoso.example,ws-038,Viewer
user005@contoso.example,ws-038,Admin
user090@contoso.example,ws-038,Member
user006@contoso.example,ws-039,Member
user062@contoso.example,ws-039,Member
user122@contoso.example,ws-039,Admin
user145@contoso.example,ws-039,Member
user030@contoso.example,ws-040,Member
user080@contoso.example,ws-040,Admin
user149@contoso.example,ws-040,Admin
user080@contoso.example,ws-040,Viewer
user102@contoso.example,ws-040,Member
user020@contoso.example,ws-040,Member
user027@contoso.example,ws-040,Contributor
user137@contoso.example,ws-041,Viewer
user095@contoso.example,ws-041,Admin
user130@contoso.example,ws-041,Contributor
user004@contoso.example,ws-041,Viewer
user126@contoso.example,ws-041,Admin
user046@contoso.example,ws-042,Contributor
user138@contoso.example,ws-042,Viewer
user120@contoso.example,ws-042,Viewer
user069@contoso.example,ws-042,Contributor
user063@contoso.example,ws-042,Admin
user072@contoso.example,ws-042,Viewer
user098@contoso.example,ws-043,Contributor
user008@contoso.example,ws-043,Viewer
user084@contoso.example,ws-043,Member
user125@contoso.example,ws-043,Member
user091@contoso.example,ws-043,Contributor
user088@contoso.example,ws-043,Contributor
user071@contoso.example,ws-043,Admin
user143@contoso.example,ws-044,Member
user122@contoso.example,ws-044,Viewer
user115@contoso.example,ws-044,Admin
user024@contoso.example,ws-044,Contributor
user057@contoso.example,ws-044,Viewer
user063@contoso.example,ws-044,Contributor
user089@contoso.example,ws-045,Viewer
user141@contoso.example,ws-045,Contributor
user091@contoso.example,ws-045,Viewer
user070@contoso.example,ws-045,Contributor
user065@contoso.example,ws-045,Member
user031@contoso.example,ws-045,Member
user081@contoso.example,ws-045,Admin
user124@contoso.example,ws-046,Contributor
user135@contoso.example,ws-046,Contributor
user026@contoso.example,ws-046,Member
user076@contoso.example,ws-046,Member
user093@contoso.example,ws-046,Member
user078@contoso.example,ws-046,Admin
user137@contoso.example,ws-046,Member
user071@contoso.example,ws-046,Admin
user033@contoso.example,ws-047,Viewer
user027@contoso.example,ws-047,Admin
user147@contoso.example,ws-047,Contributor
user121@contoso.example,ws-047,Viewer
user113@contoso.example,ws-047,Contributor
user048@contoso.example,ws-047,Admin
user065@contoso.example,ws-047,Viewer
user030@contoso.example,ws-047,Admin
user014@contoso.example,ws-048,Member
user039@contoso.example,ws-048,Contributor
user022@contoso.example,ws-048,Member
user031@contoso.example,ws-048,Viewer
user058@contoso.example,ws-048,Viewer
user116@contoso.example,ws-048,Viewer
user077@contoso.example,ws-048,Viewer
user079@contoso.example,ws-048,Admin
user021@contoso.example,ws-049,Member
user062@contoso.example,ws-049,Member
user142@contoso.example,ws-049,Admin
user041@contoso.example,ws-049,Admin
user105@contoso.example,ws-049,Viewer
user121@contoso.example,ws-049,Contributor
user009@contoso.example,ws-049,Member
user074@contoso.example,ws-049,Contributor
user051@contoso.example,ws-050,Viewer
user030@contoso.example,ws-050,Member
user039@contoso.example,ws-050,Contributor
user037@contoso.example,ws-050,Admin
user016@contoso.example,ws-050,Member
user079@contoso.example,ws-050,Contributor
user113@contoso.example,ws-050,Admin
user120@contoso.example,ws-050,Contributor
user113@contoso.example,ws-051,Admin
user011@contoso.example,ws-051,Viewer
user083@contoso.example,ws-051,Contributor
user007@contoso.example,ws-051,Admin
user059@contoso.example,ws-051,Admin
user069@contoso.example,ws-051,Admin
user114@contoso.example,ws-052,Contributor
user047@contoso.example,ws-052,Viewer
user126@contoso.example,ws-052,Admin
user121@contoso.example,ws-052,Contributor
user105@contoso.example,ws-052,Contributor
user083@contoso.example,ws-052,Admin
user042@contoso.example,ws-052,Contributor
user106@contoso.example,ws-052,Viewer
user023@contoso.example,ws-053,Contributor
user065@contoso.example,ws-053,Contributor
user030@contoso.example,ws-053,Viewer
user132@contoso.example,ws-053,Admin
user139@contoso.example,ws-053,Viewer
user106@contoso.example,ws-053,Admin
user128@contoso.example,ws-054,Viewer
user014@contoso.example,ws-054,Member
user069@contoso.example,ws-054,Member
user074@contoso.example,ws-054,Viewer
user125@contoso.example,ws-054,Admin
user008@contoso.example,ws-054,Member
user041@contoso.example,ws-054,Contributor
user030@contoso.example,ws-055,Viewer
user031@contoso.example,ws-055,Member
user128@contoso.example,ws-055,Contributor
user131@contoso.example,ws-055,Contributor
user142@contoso.example,ws-056,Member
user099@contoso.example,ws-056,Member
user131@contoso.example,ws-056,Member
user018@contoso.example,ws-056,Contributor
user107@contoso.example,ws-056,Contributor
user130@contoso.example,ws-056,Contributor
user149@contoso.example,ws-057,Viewer
user039@contoso.example,ws-057,Viewer
user138@contoso.example,ws-057,Viewer
user089@contoso.example,ws-057,Contributor
user142@contoso.example,ws-057,Viewer
user117@contoso.example,ws-057,Contributor
user049@contoso.example,ws-057,Member
user122@contoso.example,ws-058,Viewer
user099@contoso.example,ws-058,Member
user127@contoso.example,ws-058,Admin
user033@contoso.example,ws-058,Contributor
user026@contoso.example,ws-058,Viewer
user037@contoso.example,ws-059,Viewer
user040@contoso.example,ws-059,Admin
user121@contoso.example,ws-059,Contributor
user137@contoso.example,ws-060,Viewer
user082@contoso.example,ws-060,Viewer
user139@contoso.example,ws-060,Admin
user018@contoso.example,ws-060,Member
user074@contoso.example,ws-060,Member
user043@contoso.example,ws-061,Contributor
user008@contoso.example,ws-061,Admin
user084@contoso.example,ws-061,Admin
user076@contoso.example,ws-061,Contributor
user096@contoso.example,ws-061,Viewer
user038@contoso.example,ws-061,Member
user021@contoso.example,ws-062,Viewer
user062@contoso.example,ws-062,Viewer
user150@contoso.example,ws-062,Member
user060@contoso.example,ws-062,Viewer
