datasetId,totalRefreshes,successCount,failureCount,successRate,avgDurationMin,p95DurationMin,maxDurationMin
ds-0001,30,28,2,0.9333,27.11,44.83,57.50
ds-0002,30,29,1,0.9667,31.59,57.13,127.67
ds-0003,30,29,1,0.9667,29.51,56.33,82.53
ds-0004,30,30,0,1.0000,33.49,62.12,226.60
ds-0005,30,29,1,0.9667,28.04,54.16,73.61
ds-0006,30,28,2,0.9333,30.88,71.37,89.20
ds-0007,30,29,1,0.9667,26.79,47.75,59.99
ds-0008,30,28,2,0.9333,31.32,54.34,190.16
ds-0009,30,29,1,0.9667,33.12,61.40,91.67
ds-0010,30,27,3,0.9000,23.24,40.98,58.77
ds-0011,30,27,3,0.9000,26.24,47.31,61.78
ds-0012,30,28,2,0.9333,25.30,44.67,63.55
ds-0013,30,30,0,1.0000,32.98,75.12,125.28
ds-0014,30,29,1,0.9667,29.67,44.76,60.15
ds-0015,30,29,1,0.9667,25.29,51.29,57.53
ds-0016,30,30,0,1.0000,30.94,55.57,61.07
ds-0017,30,30,0,1.0000,26.93,53.37,64.82
ds-0018,30,30,0,1.0000,34.55,56.10,117.13
ds-0019,30,29,1,0.9667,25.40,46.33,65.65
ds-0020,30,29,1,0.9667,24.30,41.30,72.96
ds-0021,30,29,1,0.9667,29.12,61.51,67.61
ds-0022,30,28,2,0.9333,25.08,41.31,65.52
ds-0023,30,27,3,0.9000,26.62,51.64,82.23
ds-0024,30,28,2,0.9333,25.35,47.98,67.41
ds-0025,30,28,2,0.9333,28.51,64.40,74.70
ds-0026,30,29,1,0.9667,32.64,55.50,173.65
ds-0027,30,28,2,0.9333,30.36,54.15,80.93
ds-0028,30,28,2,0.9333,22.76,33.21,63.29
ds-0029,30,28,2,0.9333,27.38,43.20,65.52
ds-0030,30,29,1,0.9667,27.11,45.44,70.48
ds-0031,30,29,1,0.9667,29.43,52.60,69.10
ds-0032,30,29,1,0.9667,32.10,62.07,78.73
ds-0033,30,29,1,0.9667,29.09,52.23,76.50
ds-0034,30,29,1,0.9667,26.43,49.31,67.02
ds-0035,30,28,2,0.9333,26.05,50.72,92.56
ds-0036,30,27,3,0.9000,30.72,45.68,123.79
ds-0037,30,27,3,0.9000,30.60,66.50,88.74
ds-0038,30,29,1,0.9667,25.12,38.17,47.04
ds-0039,30,25,5,0.8333,34.78,66.73,144.80
ds-0040,30,29,1,0.9667,30.12,50.79,55.18
ds-0041,30,30,0,1.0000,33.39,52.25,144.32
ds-0042,30,28,2,0.9333,31.13,55.42,75.14
ds-0043,30,29,1,0.9667,24.29,37.71,40.29
ds-0044,30,28,2,0.9333,24.00,43.03,68.18
ds-0045,30,28,2,0.9333,35.39,79.95,128.01
ds-0046,30,28,2,0.9333,28.47,48.25,54.12
ds-0047,30,30,0,1.0000,26.64,40.97,63.46
ds-0048,30,28,2,0.9333,30.70,54.12,79.08
ds-0049,30,27,3,0.9000,30.64,61.91,96.67
ds-0050,30,27,3,0.9000,28.36,48.31,68.03
ds-0051,30,29,1,0.9667,27.85,43.53,57.63
ds-0052,30,29,1,0.9667,28.69,42.10,55.37
ds-0053,30,29,1,0.9667,26.94,40.80,61.73
ds-0054,30,27,3,0.9000,26.61,50.25,53.32
ds-0055,30,28,2,0.9333,26.59,47.62,73.34
ds-0056,30,27,3,0.9000,28.42,53.94,106.74
ds-0057,30,29,1,0.9667,28.65,64.55,77.37
ds-0058,30,27,3,0.9000,22.87,34.06,41.84
ds-0059,30,29,1,0.9667,29.81,50.63,116.68
ds-0060,30,29,1,0.9667,32.34,62.04,75.53
ds-0061,30,29,1,0.9667,26.34,49.48,52.36
ds-0062,30,29,1,0.9667,29.44,53.54,69.82
ds-0063,30,29,1,0.9667,31.26,51.36,85.23
ds-0064,30,29,1,0.9667,24.65,41.85,55.04
ds-0065,30,28,2,0.9333,29.64,58.40,78.51
ds-0066,30,29,1,0.9667,33.75,56.88,79.58
ds-0067,30,27,3,0.9000,28.73,54.54,91.90
ds-0068,30,26,4,0.8667,26.70,45.93,106.02
ds-0069,30,29,1,0.9667,31.74,57.85,93.64
ds-0070,30,30,0,1.0000,23.30,36.33,52.92
ds-0071,30,28,2,0.9333,28.88,68.16,85.15
ds-0072,30,27,3,0.9000,28.62,48.08,73.16
ds-0073,30,28,2,0.9333,27.20,43.53,61.26
ds-0074,30,29,1,0.9667,36.30,65.82,73.50
ds-0075,30,30,0,1.0000,33.42,53.60,85.25
ds-0076,30,26,4,0.8667,27.24,50.94,74.68
ds-0077,30,27,3,0.9000,33.75,82.08,85.96
ds-0078,30,29,1,0.9667,29.94,57.70,73.83
ds-0079,30,30,0,1.0000,22.41,42.08,54.18
ds-0080,30,28,2,0.9333,31.87,56.47,140.82
ds-0081,30,29,1,0.9667,29.36,55.04,104.72
ds-0082,30,28,2,0.9333,24.57,35.43,42.35
ds-0083,30,30,0,1.0000,28.02,54.32,78.42
ds-0084,30,24,6,0.8000,39.12,77.31,200.64
ds-0085,30,29,1,0.9667,28.60,57.84,69.55
ds-0086,30,30,0,1.0000,29.92,54.60,82.64
ds-0087,30,30,0,1.0000,31.77,56.79,100.19
ds-0088,30,29,1,0.9667,28.78,61.17,110.69
ds-0089,30,26,4,0.8667,29.31,54.35,56.35
ds-0090,30,27,3,0.9000,32.17,51.64,59.48
ds-0091,30,28,2,0.9333,28.41,51.11,63.78
ds-0092,30,30,0,1.0000,27.18,59.71,73.94
ds-0093,30,27,3,0.9000,32.77,68.83,109.37
ds-0094,30,29,1,0.9667,30.65,59.30,93.86
ds-0095,30,30,0,1.0000,26.02,58.96,66.50
ds-0096,30,30,0,1.0000,28.23,50.45,71.98
ds-0097,30,26,4,0.8667,28.96,56.19,59.52
ds-0098,30,27,3,0.9000,30.08,52.49,70.73
ds-0099,30,28,2,0.9333,23.79,43.65,52.36
ds-0100,30,29,1,0.9667,30.05,52.55,111.92
ds-0101,30,28,2,0.9333,36.80,77.35,144.60
ds-0102,30,27,3,0.9000,26.03,45.57,81.50
ds-0103,30,28,2,0.9333,27.95,49.40,67.07
ds-0104,30,28,2,0.9333,26.33,56.72,91.65
ds-0105,30,30,0,1.0000,30.31,55.77,111.45
ds-0106,30,29,1,0.9667,34.31,54.09,85.05
ds-0107,30,28,2,0.9333,29.16,55.35,67.15
ds-0108,30,30,0,1.0000,27.15,43.95,44.60
ds-0109,30,28,2,0.9333,27.09,40.57,53.87
ds-0110,30,30,0,1.0000,27.08,46.60,97.24
ds-0111,30,28,2,0.9333,27.27,43.23,72.53
ds-0112,30,29,1,0.9667,30.99,62.85,70.69
ds-0113,30,28,2,0.9333,25.72,38.93,45.10
ds-0114,30,28,2,0.9333,22.56,41.78,56.59
ds-0115,30,26,4,0.8667,30.63,60.64,66.35
ds-0116,30,27,3,0.9000,29.35,42.92,87.33
ds-0117,30,28,2,0.9333,28.60,54.68,77.50
ds-0118,30,30,0,1.0000,27.57,63.57,70.59
ds-0119,30,28,2,0.9333,28.93,55.15,63.76
ds-0120,30,28,2,0.9333,24.95,47.84,57.17
ds-0121,30,28,2,0.9333,25.90,49.52,60.15
ds-0122,30,30,0,1.0000,28.49,48.11,61.72
ds-0123,30,27,3,0.9000,25.98,39.30,51.02
ds-0124,30,27,3,0.9000,29.80,45.33,113.59
ds-0125,30,28,2,0.9333,28.13,48.79,74.08
ds-0126,30,28,2,0.9333,30.96,44.71,107.56
ds-0127,30,28,2,0.9333,30.30,68.23,119.72
ds-0128,30,27,3,0.9000,30.91,56.98,79.70
ds-0129,30,28,2,0.9333,25.94,41.96,46.89
ds-0130,30,28,2,0.9333,28.89,74.00,90.26
ds-0131,30,26,4,0.8667,26.28,41.63,76.71
ds-0132,30,29,1,0.9667,31.04,65.54,71.45
ds-0133,30,30,0,1.0000,27.76,51.93,56.34
ds-0134,30,29,1,0.9667,28.49,72.39,76.14
ds-0135,30,29,1,0.9667,32.52,60.80,73.12
ds-0136,30,28,2,0.9333,25.89,42.01,74.43
ds-0137,30,28,2,0.9333,30.49,49.57,72.80
ds-0138,30,29,1,0.9667,29.79,47.38,134.83
ds-0139,30,27,3,0.9000,25.44,40.53,74.37
ds-0140,30,28,2,0.9333,27.31,47.82,69.04
ds-0141,30,30,0,1.0000,25.47,41.89,106.91
ds-0142,30,29,1,0.9667,34.65,53.90,132.37
ds-0143,30,28,2,0.9333,24.74,44.75,62.45
ds-0144,30,28,2,0.9333,26.22,50.50,73.19
ds-0145,30,29,1,0.9667,30.11,47.92,86.84
ds-0146,30,27,3,0.9000,25.70,51.47,73.71
ds-0147,30,28,2,0.9333,29.55,49.30,53.62
ds-0148,30,30,0,1.0000,29.63,52.40,81.03
ds-0149,30,29,1,0.9667,26.12,50.93,70.08
ds-0150,30,28,2,0.9333,26.33,39.88,48.58
ds-0151,30,29,1,0.9667,33.20,53.11,123.84
ds-0152,30,28,2,0.9333,33.15,55.22,106.02
ds-0153,30,28,2,0.9333,28.97,47.21,82.95
ds-0154,30,29,1,0.9667,28.96,50.99,82.97
ds-0155,30,29,1,0.9667,28.45,60.65,101.64
ds-0156,30,30,0,1.0000,27.07,49.36,66.57
ds-0157,30,27,3,0.9000,32.82,57.46,111.35
ds-0158,30,27,3,0.9000,28.65,46.74,59.67
ds-0159,30,28,2,0.9333,32.45,55.46,60.95
ds-0160,30,28,2,0.9333,23.79,41.90,71.20
ds-0161,30,29,1,0.9667,26.07,48.85,68.86
ds-0162,30,30,0,1.0000,30.48,43.38,114.89
ds-0163,30,29,1,0.9667,26.69,46.84,59.27
ds-0164,30,28,2,0.9333,29.88,49.93,85.92
ds-0165,30,28,2,0.9333,26.52,48.06,61.35
ds-0166,30,30,0,1.0000,24.77,49.14,56.44
ds-0167,30,28,2,0.9333,31.89,51.12,98.79
ds-0168,30,30,0,1.0000,25.42,43.05,57.09
ds-0169,30,27,3,0.9000,35.41,66.75,129.63
ds-0170,30,29,1,0.9667,27.45,49.29,66.22
ds-0171,30,30,0,1.0000,28.59,69.32,94.44
ds-0172,30,26,4,0.8667,23.94,48.84,63.65
ds-0173,30,30,0,1.0000,28.93,49.25,74.87
ds-0174,30,30,0,1.0000,35.35,60.60,63.28
ds-0175,30,28,2,0.9333,24.46,41.95,68.06
ds-0176,30,29,1,0.9667,28.24,58.70,74.23
ds-0177,30,28,2,0.9333,24.23,39.14,46.59
ds-0178,30,29,1,0.9667,32.05,57.96,65.03
ds-0179,30,29,1,0.9667,28.12,49.58,68.52
ds-0180,30,27,3,0.9000,27.25,51.59,59.21
ds-0181,30,27,3,0.9000,30.58,49.09,93.66
ds-0182,30,27,3,0.9000,30.20,47.50,99.83
ds-0183,30,28,2,0.9333,27.36,52.28,55.72
ds-0184,30,28,2,0.9333,28.68,48.91,53.02
ds-0185,30,28,2,0.9333,28.12,45.56,69.79
ds-0186,30,29,1,0.9667,29.44,52.85,72.86
ds-0187,30,29,1,0.9667,29.33,47.50,87.93
ds-0188,30,29,1,0.9667,36.13,56.69,161.84
ds-0189,30,29,1,0.9667,25.84,42.78,102.66
